name,sku,new_description
Filter Drip,filter-drip-default-default-01,"Discover our high-quality Filter Drip. Perfect for businesses, it has a minimum order quantity of 100 units. Retail pricing is set at Rp 800, while business partners can enjoy a wholesale rate of Rp 800."
Sachet Drip,SCT-M-DRP-10x12.5-BLK,"Discover our high-quality Sachet Drip. Crafted from durable opp doff 20 / vmpet 12 / lldpe 95, this product is designed for longevity and performance. Perfect for businesses, it has a minimum order quantity of 100 units. Retail pricing is set at Rp 585, while business partners can enjoy a wholesale rate of Rp 400."
Sachet Drip,SCT-M-DRP-10x12.5-WHT,"Discover our high-quality Sachet Drip. Crafted from durable opp doff 20 / vmpet 12 / lldpe 95, this product is designed for longevity and performance. Perfect for businesses, it has a minimum order quantity of 100 units. Retail pricing is set at Rp 585, while business partners can enjoy a wholesale rate of Rp 400."
Flat Bottom,FBT-A-ZIP-12.5x19.5x6.5-BLU,"Discover our high-quality Flat Bottom. This product is available in various high-grade materials to suit your specific packaging needs. Perfect for businesses, it has a minimum order quantity of 100 units. Retail pricing is set at Rp 3,700, while business partners can enjoy a wholesale rate of Rp 3,000."
Flat Bottom,FBT-A-ZIP-12.5x19.5x6.5-KRF,"Discover our high-quality Flat Bottom. This product is available in various high-grade materials to suit your specific packaging needs. Perfect for businesses, it has a minimum order quantity of 100 units. Retail pricing is set at Rp 3,700, while business partners can enjoy a wholesale rate of Rp 3,000."
Flat Bottom,FBT-A-ZIP-12.5x19.5x6.5-GLD,"Discover our high-quality Flat Bottom. This product is available in various high-grade materials to suit your specific packaging needs. Perfect for businesses, it has a minimum order quantity of 100 units. Retail pricing is set at Rp 3,700, while business partners can enjoy a wholesale rate of Rp 3,000."
Flat Bottom,FBT-M-ZIP-12.5x19.5x6.5-RED,"Discover our high-quality Flat Bottom. This product is available in various high-grade materials to suit your specific packaging needs. Perfect for businesses, it has a minimum order quantity of 100 units. Retail pricing is set at Rp 3,700, while business partners can enjoy a wholesale rate of Rp 3,000."
Flat Bottom,FBT-A-ZIP-12.5x19.5x6.5-WHT,"Discover our high-quality Flat Bottom. This product is available in various high-grade materials to suit your specific packaging needs. Perfect for businesses, it has a minimum order quantity of 100 units. Retail pricing is set at Rp 3,800, while business partners can enjoy a wholesale rate of Rp 3,000."
Flat Bottom,FBT-A-ZIP-12.5x19.5x6.5-BLK,"Discover our high-quality Flat Bottom. This product is available in various high-grade materials to suit your specific packaging needs. Perfect for businesses, it has a minimum order quantity of 100 units. Retail pricing is set at Rp 3,800, while business partners can enjoy a wholesale rate of Rp 3,000."
Flat Bottom,FBT-A-ZIP-12.4x19.5x6.5-BLK,"Discover our high-quality Flat Bottom. This product is available in various high-grade materials to suit your specific packaging needs. Perfect for businesses, it has a minimum order quantity of 100 units. Retail pricing is set at Rp 2,858, while business partners can enjoy a wholesale rate of Rp 2,000."
Flat Bottom,FBT-A-ZIP-12.4x19.5x6.5-WHT,"Discover our high-quality Flat Bottom. This product is available in various high-grade materials to suit your specific packaging needs. Perfect for businesses, it has a minimum order quantity of 100 units. Retail pricing is set at Rp 2,858, while business partners can enjoy a wholesale rate of Rp 2,000."
Flat Bottom,FBT-A-ZIP-12.4x19.5x6.5-RED,"Discover our high-quality Flat Bottom. This product is available in various high-grade materials to suit your specific packaging needs. Perfect for businesses, it has a minimum order quantity of 100 units. Retail pricing is set at Rp 2,858, while business partners can enjoy a wholesale rate of Rp 2,000."
Flat Bottom,FBT-A-ZIP-12.4x19.5x6.5-KRF,"Discover our high-quality Flat Bottom. This product is available in various high-grade materials to suit your specific packaging needs. Perfect for businesses, it has a minimum order quantity of 100 units. Retail pricing is set at Rp 2,858, while business partners can enjoy a wholesale rate of Rp 2,000."
Flat Bottom,FBT-A-ZIP-12.4x19.5x6.5-GLD,"Discover our high-quality Flat Bottom. This product is available in various high-grade materials to suit your specific packaging needs. Perfect for businesses, it has a minimum order quantity of 100 units. Retail pricing is set at Rp 2,858, while business partners can enjoy a wholesale rate of Rp 2,000."
Flat Bottom,FBT-A-ZIP-12.4x19.5x6.5-TRS,"Discover our high-quality Flat Bottom. This product is available in various high-grade materials to suit your specific packaging needs. Perfect for businesses, it has a minimum order quantity of 100 units. Retail pricing is set at Rp 2,858, while business partners can enjoy a wholesale rate of Rp 2,000."
Flat Bottom,FBT-A-ZIP-25x35x9.5-GLD,"Discover our high-quality Flat Bottom. This product is available in various high-grade materials to suit your specific packaging needs. Perfect for businesses, it has a minimum order quantity of 100 units. Retail pricing is set at Rp 7,000, while business partners can enjoy a wholesale rate of Rp 7,000."
Flat Bottom,FBT-A-ZIP-25x35x9.5-WHT,"Discover our high-quality Flat Bottom. This product is available in various high-grade materials to suit your specific packaging needs. Perfect for businesses, it has a minimum order quantity of 100 units. Retail pricing is set at Rp 7,000, while business partners can enjoy a wholesale rate of Rp 5,500."
Flat Bottom,FBT-A-ZIP-25x35x9.5-BLK,"Discover our high-quality Flat Bottom. This product is available in various high-grade materials to suit your specific packaging needs. Perfect for businesses, it has a minimum order quantity of 100 units. Retail pricing is set at Rp 7,000, while business partners can enjoy a wholesale rate of Rp 5,500."
Flat Bottom,FBT-A-ZIP-30x49x13-BLK,"Discover our high-quality Flat Bottom. This product is available in various high-grade materials to suit your specific packaging needs. Perfect for businesses, it has a minimum order quantity of 100 units. Retail pricing is set at Rp 7,700, while business partners can enjoy a wholesale rate of Rp 7,000."
Flat Bottom,FBT-A-ZIP-30x49x13-WHT,"Discover our high-quality Flat Bottom. This product is available in various high-grade materials to suit your specific packaging needs. Perfect for businesses, it has a minimum order quantity of 100 units. Retail pricing is set at Rp 7,700, while business partners can enjoy a wholesale rate of Rp 7,000."
Flat Bottom Lightpack,FBL-N-ZIP-20x30x8-TRS,"Discover our high-quality Flat Bottom Lightpack. Crafted from durable pet 12 / lldpe 90, this product is designed for longevity and performance. Perfect for businesses, it has a minimum order quantity of 100 units. Retail pricing is set at Rp 1,850, while business partners can enjoy a wholesale rate of Rp 1,542."
Flat Bottom Lightpack,FBL-N-ZIP-18x28x8-TRS,"Discover our high-quality Flat Bottom Lightpack. Crafted from durable pet 12 / lldpe 90, this product is designed for longevity and performance. Perfect for businesses, it has a minimum order quantity of 100 units. Retail pricing is set at Rp 1,925, while business partners can enjoy a wholesale rate of Rp 1,603."
Flat Bottom Lightpack,FBL-N-ZIP-16x26x8-TRS,"Discover our high-quality Flat Bottom Lightpack. Crafted from durable pet 12 / lldpe 90, this product is designed for longevity and performance. Perfect for businesses, it has a minimum order quantity of 100 units. Retail pricing is set at Rp 1,585, while business partners can enjoy a wholesale rate of Rp 1,319."
Flat Bottom Lightpack,FBL-N-ZIP-12x22x6-TRS,"Discover our high-quality Flat Bottom Lightpack. Crafted from durable pet 12 / lldpe 90, this product is designed for longevity and performance. Perfect for businesses, it has a minimum order quantity of 100 units. Retail pricing is set at Rp 1,135, while business partners can enjoy a wholesale rate of Rp 943."
Flat Bottom Lightpack,FBL-N-ZIP-10x22x6-TRS,"Discover our high-quality Flat Bottom Lightpack. Crafted from durable pet 12 / lldpe 90, this product is designed for longevity and performance. Perfect for businesses, it has a minimum order quantity of 100 units. Retail pricing is set at Rp 775, while business partners can enjoy a wholesale rate of Rp 645."
Flat Bottom Rice Paper,FBT-P-ZIP-9x18x7-RCP,"Discover our high-quality Flat Bottom Rice Paper. Perfect for businesses, it has a minimum order quantity of 100 units. Retail pricing is set at Rp 2,450, while business partners can enjoy a wholesale rate of Rp 1,850."
Flat Bottom Rice Paper,FBT-P-ZIP-15x32.5x9.5-RCP,"Discover our high-quality Flat Bottom Rice Paper. Perfect for businesses, it has a minimum order quantity of 100 units. Retail pricing is set at Rp 3,850, while business partners can enjoy a wholesale rate of Rp 3,200."
Flat Bottom Rice Paper,FBT-P-ZIP-10x13x7-RCP,"Discover our high-quality Flat Bottom Rice Paper. Perfect for businesses, it has a minimum order quantity of 100 units. Retail pricing is set at Rp 2,850, while business partners can enjoy a wholesale rate of Rp 2,150."
Flat Bottom Rice Paper,FBT-P-ZIP-13x26x7.5-RCP,"Discover our high-quality Flat Bottom Rice Paper. Perfect for businesses, it has a minimum order quantity of 100 units. Retail pricing is set at Rp 3,350, while business partners can enjoy a wholesale rate of Rp 2,450."
Flat Bottom Rice Paper Square,FBS-P-ZIP-13.5x14.5x8-RCP,"Discover our high-quality Flat Bottom Rice Paper Square. Perfect for businesses, it has a minimum order quantity of 100 units. Retail pricing is set at Rp 2,300, while business partners can enjoy a wholesale rate of Rp 1,950."
Flat Bottom Rice Paper Square,FBS-P-ZIP-23x24x10-RCP,"Discover our high-quality Flat Bottom Rice Paper Square. Perfect for businesses, it has a minimum order quantity of 100 units. Retail pricing is set at Rp 4,650, while business partners can enjoy a wholesale rate of Rp 3,850."
Flat Bottom Rice Paper Square,FBS-P-ZIP-16x16x8-RCP,"Discover our high-quality Flat Bottom Rice Paper Square. Perfect for businesses, it has a minimum order quantity of 100 units. Retail pricing is set at Rp 3,250, while business partners can enjoy a wholesale rate of Rp 2,550."
Flat Bottom Rice Paper Square,FBS-P-ZIP-19.5x20x8-RCP,"Discover our high-quality Flat Bottom Rice Paper Square. Perfect for businesses, it has a minimum order quantity of 100 units. Retail pricing is set at Rp 4,050, while business partners can enjoy a wholesale rate of Rp 3,350."
Flat Bottom Square,FBS-M-ZIP-24x23x10-BRW,"Discover our high-quality Flat Bottom Square. This product is available in various high-grade materials to suit your specific packaging needs. Perfect for businesses, it has a minimum order quantity of 100 units. Retail pricing is set at Rp 4,000, while business partners can enjoy a wholesale rate of Rp 3,300."
Flat Bottom Square,FBS-M-ZIP-24x23x10-RED,"Discover our high-quality Flat Bottom Square. This product is available in various high-grade materials to suit your specific packaging needs. Perfect for businesses, it has a minimum order quantity of 100 units. Retail pricing is set at Rp 4,000, while business partners can enjoy a wholesale rate of Rp 3,300."
Flat Bottom Square,FBS-M-ZIP-24x23x10-KRF,"Discover our high-quality Flat Bottom Square. This product is available in various high-grade materials to suit your specific packaging needs. Perfect for businesses, it has a minimum order quantity of 100 units. Retail pricing is set at Rp 4,000, while business partners can enjoy a wholesale rate of Rp 3,300."
Flat Bottom Square,FBS-M-ZIP-24x23x10-BLU,"Discover our high-quality Flat Bottom Square. This product is available in various high-grade materials to suit your specific packaging needs. Perfect for businesses, it has a minimum order quantity of 100 units. Retail pricing is set at Rp 4,000, while business partners can enjoy a wholesale rate of Rp 3,300."
Flat Bottom Square,FBS-M-ZIP-24x23x10-BLK,"Discover our high-quality Flat Bottom Square. This product is available in various high-grade materials to suit your specific packaging needs. Perfect for businesses, it has a minimum order quantity of 100 units. Retail pricing is set at Rp 4,000, while business partners can enjoy a wholesale rate of Rp 3,300."
Flat Bottom Square,FBS-M-ZIP-24x23x10-WHT,"Discover our high-quality Flat Bottom Square. This product is available in various high-grade materials to suit your specific packaging needs. Perfect for businesses, it has a minimum order quantity of 100 units. Retail pricing is set at Rp 4,000, while business partners can enjoy a wholesale rate of Rp 3,300."
Flat Bottom Square,FBS-M-ZIP-15.5x16.5x7.5-BLK,"Discover our high-quality Flat Bottom Square. This product is available in various high-grade materials to suit your specific packaging needs. Perfect for businesses, it has a minimum order quantity of 100 units. Retail pricing is set at Rp 3,400, while business partners can enjoy a wholesale rate of Rp 2,500."
Flat Bottom Square,FBS-M-ZIP-15.5x16.5x7.5-WHT,"Discover our high-quality Flat Bottom Square. This product is available in various high-grade materials to suit your specific packaging needs. Perfect for businesses, it has a minimum order quantity of 100 units. Retail pricing is set at Rp 3,400, while business partners can enjoy a wholesale rate of Rp 2,500."
Flat Bottom Square,FBS-M-ZIP-15.5x16.5x7.5-BRW,"Discover our high-quality Flat Bottom Square. This product is available in various high-grade materials to suit your specific packaging needs. Perfect for businesses, it has a minimum order quantity of 100 units. Retail pricing is set at Rp 3,400, while business partners can enjoy a wholesale rate of Rp 2,500."
Flat Bottom Square,FBS-M-ZIP-15.5x16.5x7.5-PNK,"Discover our high-quality Flat Bottom Square. This product is available in various high-grade materials to suit your specific packaging needs. Perfect for businesses, it has a minimum order quantity of 100 units. Retail pricing is set at Rp 3,400, while business partners can enjoy a wholesale rate of Rp 2,500."
Flat Bottom Square,FBS-M-ZIP-15.5x16.5x7.5-GRN,"Discover our high-quality Flat Bottom Square. This product is available in various high-grade materials to suit your specific packaging needs. Perfect for businesses, it has a minimum order quantity of 100 units. Retail pricing is set at Rp 3,400, while business partners can enjoy a wholesale rate of Rp 2,500."
Flat Bottom Square,FBS-M-ZIP-15.5x16.5x7.5-BLU,"Discover our high-quality Flat Bottom Square. This product is available in various high-grade materials to suit your specific packaging needs. Perfect for businesses, it has a minimum order quantity of 100 units. Retail pricing is set at Rp 3,400, while business partners can enjoy a wholesale rate of Rp 2,500."
Flat Bottom Square,FBS-M-ZIP-15.5x16.5x7.5-RED,"Discover our high-quality Flat Bottom Square. This product is available in various high-grade materials to suit your specific packaging needs. Perfect for businesses, it has a minimum order quantity of 100 units. Retail pricing is set at Rp 3,400, while business partners can enjoy a wholesale rate of Rp 2,500."
Flat Bottom Square,FBS-M-ZIP-15.5x16.5x7.5-YLW,"Discover our high-quality Flat Bottom Square. This product is available in various high-grade materials to suit your specific packaging needs. Perfect for businesses, it has a minimum order quantity of 100 units. Retail pricing is set at Rp 3,400, while business partners can enjoy a wholesale rate of Rp 2,500."
Flat Bottom Square,FBS-M-ZIP-15.5x16.5x7.5-KRF,"Discover our high-quality Flat Bottom Square. This product is available in various high-grade materials to suit your specific packaging needs. Perfect for businesses, it has a minimum order quantity of 100 units. Retail pricing is set at Rp 3,400, while business partners can enjoy a wholesale rate of Rp 2,500."
Flat Bottom Square Tail,FBT-M-ZIP-15.5x16.5x7.5-YLW,"Discover our high-quality Flat Bottom Square Tail. Crafted from durable OPP DOFF 20 / VMPET 12 / LLDPE 110, this product is designed for longevity and performance. Perfect for businesses, it has a minimum order quantity of 100 units. Retail pricing is set at Rp 5,000, while business partners can enjoy a wholesale rate of Rp 4,000."
Flat Bottom Square Tail,FBT-M-ZIP-15.5x16.5x7.5-WHT,"Discover our high-quality Flat Bottom Square Tail. Crafted from durable OPP DOFF 20 / VMPET 12 / LLDPE 110, this product is designed for longevity and performance. Perfect for businesses, it has a minimum order quantity of 100 units. Retail pricing is set at Rp 5,000, while business partners can enjoy a wholesale rate of Rp 4,000."
Flat Bottom Square Tail,FBT-M-ZIP-15.5x16.5x7.5-GLD,"Discover our high-quality Flat Bottom Square Tail. Crafted from durable OPP DOFF 20 / VMPET 12 / LLDPE 110, this product is designed for longevity and performance. Perfect for businesses, it has a minimum order quantity of 100 units. Retail pricing is set at Rp 5,000, while business partners can enjoy a wholesale rate of Rp 4,000."
Flat Bottom Square Tail,FBT-M-ZIP-15.5x16.5x7.5-ORG,"Discover our high-quality Flat Bottom Square Tail. Crafted from durable OPP DOFF 20 / VMPET 12 / LLDPE 110, this product is designed for longevity and performance. Perfect for businesses, it has a minimum order quantity of 100 units. Retail pricing is set at Rp 5,000, while business partners can enjoy a wholesale rate of Rp 4,000."
Flat Bottom Square Tail,FBT-M-ZIP-15.5x16.5x7.5-BLU,"Discover our high-quality Flat Bottom Square Tail. Crafted from durable OPP DOFF 20 / VMPET 12 / LLDPE 110, this product is designed for longevity and performance. Perfect for businesses, it has a minimum order quantity of 100 units. Retail pricing is set at Rp 5,000, while business partners can enjoy a wholesale rate of Rp 4,000."
Flat Bottom Square Tail,FBT-M-ZIP-15.5x16.5x7.5-GRN,"Discover our high-quality Flat Bottom Square Tail. Crafted from durable OPP DOFF 20 / VMPET 12 / LLDPE 110, this product is designed for longevity and performance. Perfect for businesses, it has a minimum order quantity of 100 units. Retail pricing is set at Rp 5,000, while business partners can enjoy a wholesale rate of Rp 4,000."
Gusset Eco Alumunium,GST-A-ECO-25x39-BRN,"Discover our high-quality Gusset Eco Alumunium. This product is available in various high-grade materials to suit your specific packaging needs. Perfect for businesses, it has a minimum order quantity of 100 units. Retail pricing is set at Rp 3,200, while business partners can enjoy a wholesale rate of Rp 2,500."
Gusset Eco Alumunium,GST-A-ECO-11.5x22-BRN,"Discover our high-quality Gusset Eco Alumunium. This product is available in various high-grade materials to suit your specific packaging needs. Perfect for businesses, it has a minimum order quantity of 100 units. Retail pricing is set at Rp 1,350, while business partners can enjoy a wholesale rate of Rp 900."
Gusset Eco Alumunium,GST-A-ECO-15x30-BRN,"Discover our high-quality Gusset Eco Alumunium. This product is available in various high-grade materials to suit your specific packaging needs. Perfect for businesses, it has a minimum order quantity of 100 units. Retail pricing is set at Rp 1,800, while business partners can enjoy a wholesale rate of Rp 1,100."
Gusset Alumunium Quad Seal,GST-A-QUA-25x39-SLV,"Discover our high-quality Gusset Alumunium Quad Seal. This product is available in various high-grade materials to suit your specific packaging needs. Perfect for businesses, it has a minimum order quantity of 100 units. Retail pricing is set at Rp 3,200, while business partners can enjoy a wholesale rate of Rp 2,500."
Gusset Alumunium Quad Seal,GST-A-QUA-25x39-BLK,"Discover our high-quality Gusset Alumunium Quad Seal. This product is available in various high-grade materials to suit your specific packaging needs. Perfect for businesses, it has a minimum order quantity of 100 units. Retail pricing is set at Rp 3,200, while business partners can enjoy a wholesale rate of Rp 2,500."
Gusset Alumunium Quad Seal,GST-A-QUA-25x39-WHT,"Discover our high-quality Gusset Alumunium Quad Seal. This product is available in various high-grade materials to suit your specific packaging needs. Perfect for businesses, it has a minimum order quantity of 100 units. Retail pricing is set at Rp 3,200, while business partners can enjoy a wholesale rate of Rp 2,500."
Gusset Alumunium Quad Seal,GST-A-QUA-11.5x38-BLK,"Discover our high-quality Gusset Alumunium Quad Seal. This product is available in various high-grade materials to suit your specific packaging needs. Perfect for businesses, it has a minimum order quantity of 100 units. Retail pricing is set at Rp 1,350, while business partners can enjoy a wholesale rate of Rp 900."
Gusset Alumunium Quad Seal,GST-A-QUA-11.5x38-WHT,"Discover our high-quality Gusset Alumunium Quad Seal. This product is available in various high-grade materials to suit your specific packaging needs. Perfect for businesses, it has a minimum order quantity of 100 units. Retail pricing is set at Rp 1,350, while business partners can enjoy a wholesale rate of Rp 900."
Gusset Alumunium Quad Seal,GST-A-QUA-15x30-BLK,"Discover our high-quality Gusset Alumunium Quad Seal. This product is available in various high-grade materials to suit your specific packaging needs. Perfect for businesses, it has a minimum order quantity of 100 units. Retail pricing is set at Rp 1,800, while business partners can enjoy a wholesale rate of Rp 1,100."
Gusset Alumunium Quad Seal,GST-A-QUA-15x30-WHT,"Discover our high-quality Gusset Alumunium Quad Seal. This product is available in various high-grade materials to suit your specific packaging needs. Perfect for businesses, it has a minimum order quantity of 100 units. Retail pricing is set at Rp 1,800, while business partners can enjoy a wholesale rate of Rp 1,100."
Gusset Alumunium Quad Seal,GST-A-QUA-39.5x60-SLV,"Discover our high-quality Gusset Alumunium Quad Seal. This product is available in various high-grade materials to suit your specific packaging needs. Perfect for businesses, it has a minimum order quantity of 100 units. Retail pricing is set at Rp 9,800, while business partners can enjoy a wholesale rate of Rp 8,000."
Gusset Alumunium Quad Seal,GST-A-QUA-19x34-BLK,"Discover our high-quality Gusset Alumunium Quad Seal. This product is available in various high-grade materials to suit your specific packaging needs. Perfect for businesses, it has a minimum order quantity of 100 units. Retail pricing is set at Rp 2,800, while business partners can enjoy a wholesale rate of Rp 1,800."
Gusset Alumunium Quad Seal,GST-A-QUA-19x34-WHT,"Discover our high-quality Gusset Alumunium Quad Seal. This product is available in various high-grade materials to suit your specific packaging needs. Perfect for businesses, it has a minimum order quantity of 100 units. Retail pricing is set at Rp 2,800, while business partners can enjoy a wholesale rate of Rp 1,800."
Gusset Alumunium Quad Seal (Takaran Serbuk),GST-A-QUA-22x30-GLD,"Discover our high-quality Gusset Alumunium Quad Seal (Takaran Serbuk). Crafted from durable opp 20 / alu 7 / lldpe 90, this product is designed for longevity and performance. Perfect for businesses, it has a minimum order quantity of 100 units. Retail pricing is set at Rp 2,300, while business partners can enjoy a wholesale rate of Rp 1,650."
Gusset Alumunium Quad Seal (Takaran Serbuk),GST-A-QUA-22x30-SLV,"Discover our high-quality Gusset Alumunium Quad Seal (Takaran Serbuk). Crafted from durable opp 20 / alu 7 / lldpe 90, this product is designed for longevity and performance. Perfect for businesses, it has a minimum order quantity of 100 units. Retail pricing is set at Rp 2,300, while business partners can enjoy a wholesale rate of Rp 1,650."
Gusset Alumunium Centre Seal,GST-A-CSG-23x39-BLK,"Discover our high-quality Gusset Alumunium Centre Seal. Crafted from durable pet 12 / alu 7 / lldpe 120, this product is designed for longevity and performance. Perfect for businesses, it has a minimum order quantity of 100 units. Retail pricing is set at Rp 3,200, while business partners can enjoy a wholesale rate of Rp 2,500."
Gusset Alumunium Centre Seal,GST-A-CSG-23x39-WHT,"Discover our high-quality Gusset Alumunium Centre Seal. Crafted from durable pet 12 / alu 7 / lldpe 120, this product is designed for longevity and performance. Perfect for businesses, it has a minimum order quantity of 100 units. Retail pricing is set at Rp 3,200, while business partners can enjoy a wholesale rate of Rp 2,500."
Gusset Alumunium Centre Seal,GST-A-CSG-23x39-GLD,"Discover our high-quality Gusset Alumunium Centre Seal. Crafted from durable pet 12 / alu 7 / lldpe 120, this product is designed for longevity and performance. Perfect for businesses, it has a minimum order quantity of 100 units. Retail pricing is set at Rp 3,200, while business partners can enjoy a wholesale rate of Rp 2,500."
Gusset Metalized Centre Seal,GST-M-CSG-17x28.5-SLV,"Discover our high-quality Gusset Metalized Centre Seal. Crafted from durable pet 12 / vmcpp 35, this product is designed for longevity and performance. Perfect for businesses, it has a minimum order quantity of 100 units. Retail pricing is set at Rp 600, while business partners can enjoy a wholesale rate of Rp 500."
Valve,valve-default-default-01,"Discover our high-quality Valve. Perfect for businesses, it has a minimum order quantity of 100 units. Retail pricing is set at Rp 700, while business partners can enjoy a wholesale rate of Rp 700."
Roll Alumunium Foil,ROL-A-ALU-80x1000,"Discover our high-quality Roll Alumunium Foil. Crafted from durable pet 12 / alu 7 / lldpe 60, this product is designed for longevity and performance. Perfect for businesses, it has a minimum order quantity of 100 units. Retail pricing is set at Rp 0, while business partners can enjoy a wholesale rate of Rp 0."
Roll Metalized,ROL-M-MTL-80x1000,"Discover our high-quality Roll Metalized. This product is available in various high-grade materials to suit your specific packaging needs. Perfect for businesses, it has a minimum order quantity of 100 units. Retail pricing is set at Rp 0, while business partners can enjoy a wholesale rate of Rp 0."
Roll Metalized,ROL-M-MTL-76x1000,"Discover our high-quality Roll Metalized. This product is available in various high-grade materials to suit your specific packaging needs. Perfect for businesses, it has a minimum order quantity of 100 units. Retail pricing is set at Rp 0, while business partners can enjoy a wholesale rate of Rp 0."
Roll Metalized Blok Putih,ROL-M-MTL-76x1000-WHT,"Discover our high-quality Roll Metalized Blok Putih. Crafted from durable pet 12 / vmcpp 40, this product is designed for longevity and performance. Perfect for businesses, it has a minimum order quantity of 100 units. Retail pricing is set at Rp 0, while business partners can enjoy a wholesale rate of Rp 0."
Roll Nylon,ROL-N-NYL-84x1000-NYL,"Discover our high-quality Roll Nylon. Crafted from durable nylon 15 / lldpe 40, this product is designed for longevity and performance. Perfect for businesses, it has a minimum order quantity of 100 units. Retail pricing is set at Rp 0, while business partners can enjoy a wholesale rate of Rp 0."
Sachet,SCT-A-BBK-20x30-SLV,"Discover our high-quality Sachet. This product is available in various high-grade materials to suit your specific packaging needs. Perfect for businesses, it has a minimum order quantity of 100 units. Retail pricing is set at Rp 1,100, while business partners can enjoy a wholesale rate of Rp 950."
Sachet,SCT-A-BBK-8x9-SLV,"Discover our high-quality Sachet. This product is available in various high-grade materials to suit your specific packaging needs. Perfect for businesses, it has a minimum order quantity of 100 units. Retail pricing is set at Rp 165, while business partners can enjoy a wholesale rate of Rp 154."
Sachet,SCT-A-BBK-8x12-SLV,"Discover our high-quality Sachet. This product is available in various high-grade materials to suit your specific packaging needs. Perfect for businesses, it has a minimum order quantity of 100 units. Retail pricing is set at Rp 220, while business partners can enjoy a wholesale rate of Rp 179."
Sachet,SCT-A-BBK-12x12-SLV,"Discover our high-quality Sachet. This product is available in various high-grade materials to suit your specific packaging needs. Perfect for businesses, it has a minimum order quantity of 100 units. Retail pricing is set at Rp 340, while business partners can enjoy a wholesale rate of Rp 278."
Sachet,SCT-A-BBK-12x16-SLV,"Discover our high-quality Sachet. This product is available in various high-grade materials to suit your specific packaging needs. Perfect for businesses, it has a minimum order quantity of 100 units. Retail pricing is set at Rp 425, while business partners can enjoy a wholesale rate of Rp 314."
Sachet Retort,RET-R-SCT-8x9-SLV,"Discover our high-quality Sachet Retort. Crafted from durable pet 12 / alu 7 / nylon 15 / cpp retort 80, this product is designed for longevity and performance. Perfect for businesses, it has a minimum order quantity of 100 units. Retail pricing is set at Rp 485, while business partners can enjoy a wholesale rate of Rp 330."
Sachet Retort,RET-R-SCT-25x50-SLV,"Discover our high-quality Sachet Retort. Crafted from durable pet 12 / alu 7 / nylon 15 / cpp retort 80, this product is designed for longevity and performance. Perfect for businesses, it has a minimum order quantity of 100 units. Retail pricing is set at Rp 8,435, while business partners can enjoy a wholesale rate of Rp 5,722."
Sachet Retort,RET-R-SCT-25x34-SLV,"Discover our high-quality Sachet Retort. Crafted from durable pet 12 / alu 7 / nylon 15 / cpp retort 80, this product is designed for longevity and performance. Perfect for businesses, it has a minimum order quantity of 100 units. Retail pricing is set at Rp 4,190, while business partners can enjoy a wholesale rate of Rp 2,843."
Sachet Retort,RET-R-SCT-17x25-SLV,"Discover our high-quality Sachet Retort. Crafted from durable pet 12 / alu 7 / nylon 15 / cpp retort 80, this product is designed for longevity and performance. Perfect for businesses, it has a minimum order quantity of 100 units. Retail pricing is set at Rp 2,945, while business partners can enjoy a wholesale rate of Rp 1,996."
Sachet Retort,RET-R-SCT-16x23-SLV,"Discover our high-quality Sachet Retort. Crafted from durable pet 12 / alu 7 / nylon 15 / cpp retort 80, this product is designed for longevity and performance. Perfect for businesses, it has a minimum order quantity of 100 units. Retail pricing is set at Rp 1,890, while business partners can enjoy a wholesale rate of Rp 1,281."
Sachet Retort,RET-R-SCT-15x40-SLV,"Discover our high-quality Sachet Retort. Crafted from durable pet 12 / alu 7 / nylon 15 / cpp retort 80, this product is designed for longevity and performance. Perfect for businesses, it has a minimum order quantity of 100 units. Retail pricing is set at Rp 3,440, while business partners can enjoy a wholesale rate of Rp 2,337."
Sachet Retort,RET-R-SCT-15x30-SLV,"Discover our high-quality Sachet Retort. Crafted from durable pet 12 / alu 7 / nylon 15 / cpp retort 80, this product is designed for longevity and performance. Perfect for businesses, it has a minimum order quantity of 100 units. Retail pricing is set at Rp 2,610, while business partners can enjoy a wholesale rate of Rp 1,771."
Sachet Retort,RET-R-SCT-15x20-SLV,"Discover our high-quality Sachet Retort. Crafted from durable pet 12 / alu 7 / nylon 15 / cpp retort 80, this product is designed for longevity and performance. Perfect for businesses, it has a minimum order quantity of 100 units. Retail pricing is set at Rp 1,780, while business partners can enjoy a wholesale rate of Rp 1,208."
Sachet Retort,RET-R-SCT-13x21-SLV,"Discover our high-quality Sachet Retort. Crafted from durable pet 12 / alu 7 / nylon 15 / cpp retort 80, this product is designed for longevity and performance. Perfect for businesses, it has a minimum order quantity of 100 units. Retail pricing is set at Rp 1,550, while business partners can enjoy a wholesale rate of Rp 1,053."
Sachet Retort,RET-R-SCT-12x15-SLV,"Discover our high-quality Sachet Retort. Crafted from durable pet 12 / alu 7 / nylon 15 / cpp retort 80, this product is designed for longevity and performance. Perfect for businesses, it has a minimum order quantity of 100 units. Retail pricing is set at Rp 1,110, while business partners can enjoy a wholesale rate of Rp 753."
Sachet Retort,RET-R-SCT-12x12-SLV,"Discover our high-quality Sachet Retort. Crafted from durable pet 12 / alu 7 / nylon 15 / cpp retort 80, this product is designed for longevity and performance. Perfect for businesses, it has a minimum order quantity of 100 units. Retail pricing is set at Rp 1,105, while business partners can enjoy a wholesale rate of Rp 751."
Standing Pouch,STP-B-ZIP-49x38-BLK,"Discover our high-quality Standing Pouch. Crafted from durable pet 12 / vmpet 12 / lldpe 140, this product is designed for longevity and performance. Perfect for businesses, it has a minimum order quantity of 100 units. Retail pricing is set at Rp 7,700, while business partners can enjoy a wholesale rate of Rp 7,000."
Standing Pouch Alumunium Zipper,STP-A-ZIP-9x15-SLV,"Discover our high-quality Standing Pouch Alumunium Zipper. This product is available in various high-grade materials to suit your specific packaging needs. Perfect for businesses, it has a minimum order quantity of 100 units. Retail pricing is set at Rp 540, while business partners can enjoy a wholesale rate of Rp 448."
Standing Pouch Alumunium Zipper,STP-A-ZIP-9x15-GLD,"Discover our high-quality Standing Pouch Alumunium Zipper. This product is available in various high-grade materials to suit your specific packaging needs. Perfect for businesses, it has a minimum order quantity of 100 units. Retail pricing is set at Rp 585, while business partners can enjoy a wholesale rate of Rp 486."
Standing Pouch Alumunium Zipper,STP-A-ZIP-9x15-BLK,"Discover our high-quality Standing Pouch Alumunium Zipper. This product is available in various high-grade materials to suit your specific packaging needs. Perfect for businesses, it has a minimum order quantity of 100 units. Retail pricing is set at Rp 585, while business partners can enjoy a wholesale rate of Rp 486."
Standing Pouch Alumunium Zipper,STP-A-ZIP-9x15-WHT,"Discover our high-quality Standing Pouch Alumunium Zipper. This product is available in various high-grade materials to suit your specific packaging needs. Perfect for businesses, it has a minimum order quantity of 100 units. Retail pricing is set at Rp 585, while business partners can enjoy a wholesale rate of Rp 486."
Standing Pouch Alumunium Zipper,STP-A-ZIP-18x29-SLV,"Discover our high-quality Standing Pouch Alumunium Zipper. This product is available in various high-grade materials to suit your specific packaging needs. Perfect for businesses, it has a minimum order quantity of 100 units. Retail pricing is set at Rp 1,920, while business partners can enjoy a wholesale rate of Rp 1,600."
Standing Pouch Alumunium Zipper,STP-A-ZIP-18x29-GLD,"Discover our high-quality Standing Pouch Alumunium Zipper. This product is available in various high-grade materials to suit your specific packaging needs. Perfect for businesses, it has a minimum order quantity of 100 units. Retail pricing is set at Rp 1,995, while business partners can enjoy a wholesale rate of Rp 1,664."
Standing Pouch Alumunium Zipper,STP-A-ZIP-18x29-BLK,"Discover our high-quality Standing Pouch Alumunium Zipper. This product is available in various high-grade materials to suit your specific packaging needs. Perfect for businesses, it has a minimum order quantity of 100 units. Retail pricing is set at Rp 1,995, while business partners can enjoy a wholesale rate of Rp 1,664."
Standing Pouch Alumunium Zipper,STP-A-ZIP-18x29-WHT,"Discover our high-quality Standing Pouch Alumunium Zipper. This product is available in various high-grade materials to suit your specific packaging needs. Perfect for businesses, it has a minimum order quantity of 100 units. Retail pricing is set at Rp 1,995, while business partners can enjoy a wholesale rate of Rp 1,664."
Standing Pouch Alumunium Zipper,STP-A-ZIP-14x23-SLV,"Discover our high-quality Standing Pouch Alumunium Zipper. This product is available in various high-grade materials to suit your specific packaging needs. Perfect for businesses, it has a minimum order quantity of 100 units. Retail pricing is set at Rp 935, while business partners can enjoy a wholesale rate of Rp 778."
Standing Pouch Alumunium Zipper,STP-A-ZIP-14x23-GLD,"Discover our high-quality Standing Pouch Alumunium Zipper. This product is available in various high-grade materials to suit your specific packaging needs. Perfect for businesses, it has a minimum order quantity of 100 units. Retail pricing is set at Rp 985, while business partners can enjoy a wholesale rate of Rp 822."
Standing Pouch Alumunium Zipper,STP-A-ZIP-14x23-BLK,"Discover our high-quality Standing Pouch Alumunium Zipper. This product is available in various high-grade materials to suit your specific packaging needs. Perfect for businesses, it has a minimum order quantity of 100 units. Retail pricing is set at Rp 985, while business partners can enjoy a wholesale rate of Rp 822."
Standing Pouch Alumunium Zipper,STP-A-ZIP-14x23-WHT,"Discover our high-quality Standing Pouch Alumunium Zipper. This product is available in various high-grade materials to suit your specific packaging needs. Perfect for businesses, it has a minimum order quantity of 100 units. Retail pricing is set at Rp 985, while business partners can enjoy a wholesale rate of Rp 822."
Standing Pouch Alumunium Zipper,STP-A-ZIP-13x20.5-SLV,"Discover our high-quality Standing Pouch Alumunium Zipper. This product is available in various high-grade materials to suit your specific packaging needs. Perfect for businesses, it has a minimum order quantity of 100 units. Retail pricing is set at Rp 845, while business partners can enjoy a wholesale rate of Rp 704."
Standing Pouch Alumunium Zipper,STP-A-ZIP-13x20.5-GLD,"Discover our high-quality Standing Pouch Alumunium Zipper. This product is available in various high-grade materials to suit your specific packaging needs. Perfect for businesses, it has a minimum order quantity of 100 units. Retail pricing is set at Rp 890, while business partners can enjoy a wholesale rate of Rp 739."
Standing Pouch Alumunium Zipper,STP-A-ZIP-13x20.5-BLK,"Discover our high-quality Standing Pouch Alumunium Zipper. This product is available in various high-grade materials to suit your specific packaging needs. Perfect for businesses, it has a minimum order quantity of 100 units. Retail pricing is set at Rp 890, while business partners can enjoy a wholesale rate of Rp 739."
Standing Pouch Alumunium Zipper,STP-A-ZIP-13x20.5-WHT,"Discover our high-quality Standing Pouch Alumunium Zipper. This product is available in various high-grade materials to suit your specific packaging needs. Perfect for businesses, it has a minimum order quantity of 100 units. Retail pricing is set at Rp 890, while business partners can enjoy a wholesale rate of Rp 739."
Standing Pouch Alumunium Zipper Premium,STP-A-ZIP-24x34-BLK,"Discover our high-quality Standing Pouch Alumunium Zipper Premium. Crafted from durable opp doff 20 / ALU 7 / LLDPE 100, this product is designed for longevity and performance. Perfect for businesses, it has a minimum order quantity of 100 units. Retail pricing is set at Rp 3,300, while business partners can enjoy a wholesale rate of Rp 2,650."
Standing Pouch Alumunium Zipper Premium,STP-A-ZIP-24x34-BLK,"Discover our high-quality Standing Pouch Alumunium Zipper Premium. Crafted from durable opp doff 20 / ALU 7 / LLDPE 100, this product is designed for longevity and performance. Perfect for businesses, it has a minimum order quantity of 100 units. Retail pricing is set at Rp 3,300, while business partners can enjoy a wholesale rate of Rp 2,650."
Standing Pouch Alumunium Zipper Premium,STP-A-ZIP-16x23-BLK,"Discover our high-quality Standing Pouch Alumunium Zipper Premium. Crafted from durable opp doff 20 / ALU 7 / LLDPE 100, this product is designed for longevity and performance. Perfect for businesses, it has a minimum order quantity of 100 units. Retail pricing is set at Rp 2,250, while business partners can enjoy a wholesale rate of Rp 1,800."
Standing Pouch Alumunium Zipper Premium,STP-A-ZIP-16x23-WHT,"Discover our high-quality Standing Pouch Alumunium Zipper Premium. Crafted from durable opp doff 20 / ALU 7 / LLDPE 100, this product is designed for longevity and performance. Perfect for businesses, it has a minimum order quantity of 100 units. Retail pricing is set at Rp 2,250, while business partners can enjoy a wholesale rate of Rp 1,800."
Standing Pouch Alumunium Zipper Premium,STP-A-ZIP-19x27-BLK,"Discover our high-quality Standing Pouch Alumunium Zipper Premium. Crafted from durable opp doff 20 / ALU 7 / LLDPE 100, this product is designed for longevity and performance. Perfect for businesses, it has a minimum order quantity of 100 units. Retail pricing is set at Rp 2,875, while business partners can enjoy a wholesale rate of Rp 2,300."
Standing Pouch Alumunium Zipper Premium,STP-A-ZIP-19x27-WHT,"Discover our high-quality Standing Pouch Alumunium Zipper Premium. Crafted from durable opp doff 20 / ALU 7 / LLDPE 100, this product is designed for longevity and performance. Perfect for businesses, it has a minimum order quantity of 100 units. Retail pricing is set at Rp 2,875, while business partners can enjoy a wholesale rate of Rp 2,300."
Standing Pouch Eco Zipper Window,STP-E-ZIP-30x40-KRF,"Discover our high-quality Standing Pouch Eco Zipper Window. Crafted from durable kraft pe lldpe, this product is designed for longevity and performance. Perfect for businesses, it has a minimum order quantity of 100 units. Retail pricing is set at Rp 3,746, while business partners can enjoy a wholesale rate of Rp 3,122."
Standing Pouch Eco Zipper Window,STP-E-ZIP-23x33-KRF,"Discover our high-quality Standing Pouch Eco Zipper Window. Crafted from durable kraft pe lldpe, this product is designed for longevity and performance. Perfect for businesses, it has a minimum order quantity of 100 units. Retail pricing is set at Rp 1,982, while business partners can enjoy a wholesale rate of Rp 1,652."
Standing Pouch Eco Zipper Window,STP-E-ZIP-20x30-KRF,"Discover our high-quality Standing Pouch Eco Zipper Window. Crafted from durable kraft pe lldpe, this product is designed for longevity and performance. Perfect for businesses, it has a minimum order quantity of 100 units. Retail pricing is set at Rp 1,466, while business partners can enjoy a wholesale rate of Rp 1,222."
Standing Pouch Eco Zipper Window,STP-E-ZIP-16x23-KRF,"Discover our high-quality Standing Pouch Eco Zipper Window. Crafted from durable kraft pe lldpe, this product is designed for longevity and performance. Perfect for businesses, it has a minimum order quantity of 100 units. Retail pricing is set at Rp 937, while business partners can enjoy a wholesale rate of Rp 781."
Standing Pouch Eco Zipper Window,STP-E-ZIP-14x20-KRF,"Discover our high-quality Standing Pouch Eco Zipper Window. Crafted from durable kraft pe lldpe, this product is designed for longevity and performance. Perfect for businesses, it has a minimum order quantity of 100 units. Retail pricing is set at Rp 871, while business partners can enjoy a wholesale rate of Rp 726."
Standing Pouch Eco Zipper Window,STP-E-ZIP-10x15-KRF,"Discover our high-quality Standing Pouch Eco Zipper Window. Crafted from durable kraft pe lldpe, this product is designed for longevity and performance. Perfect for businesses, it has a minimum order quantity of 100 units. Retail pricing is set at Rp 452, while business partners can enjoy a wholesale rate of Rp 377."
Standing Pouch Liquid 1000 ml,STP-L-ZIP-16x27-TRS,"Discover our high-quality Standing Pouch Liquid 1000 ml. Crafted from durable NYLON 15 / LLDPE 135, this product is designed for longevity and performance. Perfect for businesses, it has a minimum order quantity of 100 units. Retail pricing is set at Rp 1,260, while business partners can enjoy a wholesale rate of Rp 992."
Standing Pouch Liquid 2000 ml,STP-L-ZIP-22x30-TRS,"Discover our high-quality Standing Pouch Liquid 2000 ml. Crafted from durable PET 12 / NYLON 15 / LLDPE 135, this product is designed for longevity and performance. Perfect for businesses, it has a minimum order quantity of 100 units. Retail pricing is set at Rp 2,230, while business partners can enjoy a wholesale rate of Rp 1,856."
Standing Pouch Liquid 250 ml,STP-L-ZIP-12x16-TRS,"Discover our high-quality Standing Pouch Liquid 250 ml. Crafted from durable NYLON 15 / LLDPE 100, this product is designed for longevity and performance. Perfect for businesses, it has a minimum order quantity of 100 units. Retail pricing is set at Rp 660, while business partners can enjoy a wholesale rate of Rp 550."
Standing Pouch Liquid 500 ml,STP-L-ZIP-14x20-TRS,"Discover our high-quality Standing Pouch Liquid 500 ml. Crafted from durable NYLON 15 / LLDPE 120, this product is designed for longevity and performance. Perfect for businesses, it has a minimum order quantity of 100 units. Retail pricing is set at Rp 775, while business partners can enjoy a wholesale rate of Rp 625."
Standing Pouch Paper/Kraft,STP-K-ZIP-9x15-LTH,"Discover our high-quality Standing Pouch Paper/Kraft. This product is available in various high-grade materials to suit your specific packaging needs. Perfect for businesses, it has a minimum order quantity of 100 units. Retail pricing is set at Rp 585, while business partners can enjoy a wholesale rate of Rp 448."
Standing Pouch Paper/Kraft,STP-K-ZIP-24x34-LTH,"Discover our high-quality Standing Pouch Paper/Kraft. This product is available in various high-grade materials to suit your specific packaging needs. Perfect for businesses, it has a minimum order quantity of 100 units. Retail pricing is set at Rp 2,800, while business partners can enjoy a wholesale rate of Rp 2,336."
Standing Pouch Paper/Kraft,STP-K-ZIP-18x29-LTH,"Discover our high-quality Standing Pouch Paper/Kraft. This product is available in various high-grade materials to suit your specific packaging needs. Perfect for businesses, it has a minimum order quantity of 100 units. Retail pricing is set at Rp 1,880, while business partners can enjoy a wholesale rate of Rp 1,568."
Standing Pouch Paper/Kraft,STP-K-ZIP-14x23-LTH,"Discover our high-quality Standing Pouch Paper/Kraft. This product is available in various high-grade materials to suit your specific packaging needs. Perfect for businesses, it has a minimum order quantity of 100 units. Retail pricing is set at Rp 1,115, while business partners can enjoy a wholesale rate of Rp 928."
Standing Pouch Paper/Kraft,STP-K-ZIP-13x20.5-LTH,"Discover our high-quality Standing Pouch Paper/Kraft. This product is available in various high-grade materials to suit your specific packaging needs. Perfect for businesses, it has a minimum order quantity of 100 units. Retail pricing is set at Rp 1,040, while business partners can enjoy a wholesale rate of Rp 864."
Standing Pouch Window,STP-M-ZIP-20x30-BLK,"Discover our high-quality Standing Pouch Window. Crafted from durable pet 12 / vmpet 12 / lldpe 80, this product is designed for longevity and performance. Perfect for businesses, it has a minimum order quantity of 100 units. Retail pricing is set at Rp 1,450, while business partners can enjoy a wholesale rate of Rp 1,140."
Standing Pouch Window,STP-M-ZIP-20x30-WHT,"Discover our high-quality Standing Pouch Window. Crafted from durable pet 12 / vmpet 12 / lldpe 80, this product is designed for longevity and performance. Perfect for businesses, it has a minimum order quantity of 100 units. Retail pricing is set at Rp 1,450, while business partners can enjoy a wholesale rate of Rp 1,140."
Standing Pouch Window,STP-M-ZIP-20x30-GRN,"Discover our high-quality Standing Pouch Window. Crafted from durable pet 12 / vmpet 12 / lldpe 80, this product is designed for longevity and performance. Perfect for businesses, it has a minimum order quantity of 100 units. Retail pricing is set at Rp 1,450, while business partners can enjoy a wholesale rate of Rp 1,140."
Standing Pouch Window,STP-M-ZIP-20x30-RED,"Discover our high-quality Standing Pouch Window. Crafted from durable pet 12 / vmpet 12 / lldpe 80, this product is designed for longevity and performance. Perfect for businesses, it has a minimum order quantity of 100 units. Retail pricing is set at Rp 1,450, while business partners can enjoy a wholesale rate of Rp 1,140."
Standing Pouch Window,STP-M-ZIP-20x30-GLD,"Discover our high-quality Standing Pouch Window. Crafted from durable pet 12 / vmpet 12 / lldpe 80, this product is designed for longevity and performance. Perfect for businesses, it has a minimum order quantity of 100 units. Retail pricing is set at Rp 1,450, while business partners can enjoy a wholesale rate of Rp 1,140."
Standing Pouch Window,STP-M-ZIP-20x30-BLU,"Discover our high-quality Standing Pouch Window. Crafted from durable pet 12 / vmpet 12 / lldpe 80, this product is designed for longevity and performance. Perfect for businesses, it has a minimum order quantity of 100 units. Retail pricing is set at Rp 1,450, while business partners can enjoy a wholesale rate of Rp 1,140."
Standing Pouch Window,STP-M-ZIP-20x30-PRP,"Discover our high-quality Standing Pouch Window. Crafted from durable pet 12 / vmpet 12 / lldpe 80, this product is designed for longevity and performance. Perfect for businesses, it has a minimum order quantity of 100 units. Retail pricing is set at Rp 1,450, while business partners can enjoy a wholesale rate of Rp 1,140."
Standing Pouch Window,STP-M-ZIP-16x24-BLK,"Discover our high-quality Standing Pouch Window. Crafted from durable pet 12 / vmpet 12 / lldpe 80, this product is designed for longevity and performance. Perfect for businesses, it has a minimum order quantity of 100 units. Retail pricing is set at Rp 990, while business partners can enjoy a wholesale rate of Rp 911."
Standing Pouch Window,STP-M-ZIP-16x24-WHT,"Discover our high-quality Standing Pouch Window. Crafted from durable pet 12 / vmpet 12 / lldpe 80, this product is designed for longevity and performance. Perfect for businesses, it has a minimum order quantity of 100 units. Retail pricing is set at Rp 990, while business partners can enjoy a wholesale rate of Rp 911."
Standing Pouch Window,STP-M-ZIP-16x24-GRN,"Discover our high-quality Standing Pouch Window. Crafted from durable pet 12 / vmpet 12 / lldpe 80, this product is designed for longevity and performance. Perfect for businesses, it has a minimum order quantity of 100 units. Retail pricing is set at Rp 990, while business partners can enjoy a wholesale rate of Rp 911."
Standing Pouch Window,STP-M-ZIP-16x24-RED,"Discover our high-quality Standing Pouch Window. Crafted from durable pet 12 / vmpet 12 / lldpe 80, this product is designed for longevity and performance. Perfect for businesses, it has a minimum order quantity of 100 units. Retail pricing is set at Rp 990, while business partners can enjoy a wholesale rate of Rp 911."
Standing Pouch Window,STP-M-ZIP-16x24-GLD,"Discover our high-quality Standing Pouch Window. Crafted from durable pet 12 / vmpet 12 / lldpe 80, this product is designed for longevity and performance. Perfect for businesses, it has a minimum order quantity of 100 units. Retail pricing is set at Rp 990, while business partners can enjoy a wholesale rate of Rp 911."
Standing Pouch Window,STP-M-ZIP-16x24-BLU,"Discover our high-quality Standing Pouch Window. Crafted from durable pet 12 / vmpet 12 / lldpe 80, this product is designed for longevity and performance. Perfect for businesses, it has a minimum order quantity of 100 units. Retail pricing is set at Rp 990, while business partners can enjoy a wholesale rate of Rp 911."
Standing Pouch Window,STP-M-ZIP-16x24-PRP,"Discover our high-quality Standing Pouch Window. Crafted from durable pet 12 / vmpet 12 / lldpe 80, this product is designed for longevity and performance. Perfect for businesses, it has a minimum order quantity of 100 units. Retail pricing is set at Rp 990, while business partners can enjoy a wholesale rate of Rp 911."
Standing Pouch Window,STP-M-ZIP-15x22-BLK,"Discover our high-quality Standing Pouch Window. Crafted from durable pet 12 / vmpet 12 / lldpe 80, this product is designed for longevity and performance. Perfect for businesses, it has a minimum order quantity of 100 units. Retail pricing is set at Rp 870, while business partners can enjoy a wholesale rate of Rp 656."
Standing Pouch Window,STP-M-ZIP-15x22-WHT,"Discover our high-quality Standing Pouch Window. Crafted from durable pet 12 / vmpet 12 / lldpe 80, this product is designed for longevity and performance. Perfect for businesses, it has a minimum order quantity of 100 units. Retail pricing is set at Rp 870, while business partners can enjoy a wholesale rate of Rp 656."
Standing Pouch Window,STP-M-ZIP-15x22-GRN,"Discover our high-quality Standing Pouch Window. Crafted from durable pet 12 / vmpet 12 / lldpe 80, this product is designed for longevity and performance. Perfect for businesses, it has a minimum order quantity of 100 units. Retail pricing is set at Rp 870, while business partners can enjoy a wholesale rate of Rp 656."
Standing Pouch Window,STP-M-ZIP-15x22-RED,"Discover our high-quality Standing Pouch Window. Crafted from durable pet 12 / vmpet 12 / lldpe 80, this product is designed for longevity and performance. Perfect for businesses, it has a minimum order quantity of 100 units. Retail pricing is set at Rp 870, while business partners can enjoy a wholesale rate of Rp 656."
Standing Pouch Window,STP-M-ZIP-15x22-GLD,"Discover our high-quality Standing Pouch Window. Crafted from durable pet 12 / vmpet 12 / lldpe 80, this product is designed for longevity and performance. Perfect for businesses, it has a minimum order quantity of 100 units. Retail pricing is set at Rp 870, while business partners can enjoy a wholesale rate of Rp 656."
Standing Pouch Window,STP-M-ZIP-15x22-BLU,"Discover our high-quality Standing Pouch Window. Crafted from durable pet 12 / vmpet 12 / lldpe 80, this product is designed for longevity and performance. Perfect for businesses, it has a minimum order quantity of 100 units. Retail pricing is set at Rp 870, while business partners can enjoy a wholesale rate of Rp 656."
Standing Pouch Window,STP-M-ZIP-15x22-PRP,"Discover our high-quality Standing Pouch Window. Crafted from durable pet 12 / vmpet 12 / lldpe 80, this product is designed for longevity and performance. Perfect for businesses, it has a minimum order quantity of 100 units. Retail pricing is set at Rp 870, while business partners can enjoy a wholesale rate of Rp 656."
Standing Pouch Window,STP-M-ZIP-14x20-BLK,"Discover our high-quality Standing Pouch Window. Crafted from durable pet 12 / vmpet 12 / lldpe 80, this product is designed for longevity and performance. Perfect for businesses, it has a minimum order quantity of 100 units. Retail pricing is set at Rp 840, while business partners can enjoy a wholesale rate of Rp 586."
Standing Pouch Window,STP-M-ZIP-14x20-WHT,"Discover our high-quality Standing Pouch Window. Crafted from durable pet 12 / vmpet 12 / lldpe 80, this product is designed for longevity and performance. Perfect for businesses, it has a minimum order quantity of 100 units. Retail pricing is set at Rp 840, while business partners can enjoy a wholesale rate of Rp 586."
Standing Pouch Window,STP-M-ZIP-14x20-GRN,"Discover our high-quality Standing Pouch Window. Crafted from durable pet 12 / vmpet 12 / lldpe 80, this product is designed for longevity and performance. Perfect for businesses, it has a minimum order quantity of 100 units. Retail pricing is set at Rp 840, while business partners can enjoy a wholesale rate of Rp 586."
Standing Pouch Window,STP-M-ZIP-14x20-RED,"Discover our high-quality Standing Pouch Window. Crafted from durable pet 12 / vmpet 12 / lldpe 80, this product is designed for longevity and performance. Perfect for businesses, it has a minimum order quantity of 100 units. Retail pricing is set at Rp 840, while business partners can enjoy a wholesale rate of Rp 586."
Standing Pouch Window,STP-M-ZIP-14x20-GLD,"Discover our high-quality Standing Pouch Window. Crafted from durable pet 12 / vmpet 12 / lldpe 80, this product is designed for longevity and performance. Perfect for businesses, it has a minimum order quantity of 100 units. Retail pricing is set at Rp 840, while business partners can enjoy a wholesale rate of Rp 586."
Standing Pouch Window,STP-M-ZIP-14x20-BLU,"Discover our high-quality Standing Pouch Window. Crafted from durable pet 12 / vmpet 12 / lldpe 80, this product is designed for longevity and performance. Perfect for businesses, it has a minimum order quantity of 100 units. Retail pricing is set at Rp 840, while business partners can enjoy a wholesale rate of Rp 586."
Standing Pouch Window,STP-M-ZIP-14x20-PRP,"Discover our high-quality Standing Pouch Window. Crafted from durable pet 12 / vmpet 12 / lldpe 80, this product is designed for longevity and performance. Perfect for businesses, it has a minimum order quantity of 100 units. Retail pricing is set at Rp 840, while business partners can enjoy a wholesale rate of Rp 586."
Standing Pouch Window,STP-M-ZIP-12x20-BLK,"Discover our high-quality Standing Pouch Window. Crafted from durable pet 12 / vmpet 12 / lldpe 80, this product is designed for longevity and performance. Perfect for businesses, it has a minimum order quantity of 100 units. Retail pricing is set at Rp 700, while business partners can enjoy a wholesale rate of Rp 500."
Standing Pouch Window,STP-M-ZIP-12x20-WHT,"Discover our high-quality Standing Pouch Window. Crafted from durable pet 12 / vmpet 12 / lldpe 80, this product is designed for longevity and performance. Perfect for businesses, it has a minimum order quantity of 100 units. Retail pricing is set at Rp 700, while business partners can enjoy a wholesale rate of Rp 500."
Standing Pouch Window,STP-M-ZIP-12x20-GRN,"Discover our high-quality Standing Pouch Window. Crafted from durable pet 12 / vmpet 12 / lldpe 80, this product is designed for longevity and performance. Perfect for businesses, it has a minimum order quantity of 100 units. Retail pricing is set at Rp 700, while business partners can enjoy a wholesale rate of Rp 500."
Standing Pouch Window,STP-M-ZIP-12x20-RED,"Discover our high-quality Standing Pouch Window. Crafted from durable pet 12 / vmpet 12 / lldpe 80, this product is designed for longevity and performance. Perfect for businesses, it has a minimum order quantity of 100 units. Retail pricing is set at Rp 700, while business partners can enjoy a wholesale rate of Rp 500."
Standing Pouch Window,STP-M-ZIP-12x20-GLD,"Discover our high-quality Standing Pouch Window. Crafted from durable pet 12 / vmpet 12 / lldpe 80, this product is designed for longevity and performance. Perfect for businesses, it has a minimum order quantity of 100 units. Retail pricing is set at Rp 700, while business partners can enjoy a wholesale rate of Rp 500."
Standing Pouch Window,STP-M-ZIP-12x20-BLU,"Discover our high-quality Standing Pouch Window. Crafted from durable pet 12 / vmpet 12 / lldpe 80, this product is designed for longevity and performance. Perfect for businesses, it has a minimum order quantity of 100 units. Retail pricing is set at Rp 700, while business partners can enjoy a wholesale rate of Rp 500."
Standing Pouch Window,STP-M-ZIP-12x20-PRP,"Discover our high-quality Standing Pouch Window. Crafted from durable pet 12 / vmpet 12 / lldpe 80, this product is designed for longevity and performance. Perfect for businesses, it has a minimum order quantity of 100 units. Retail pricing is set at Rp 700, while business partners can enjoy a wholesale rate of Rp 500."
Standing Pouch Window,STP-M-ZIP-10x15-BLK,"Discover our high-quality Standing Pouch Window. Crafted from durable pet 12 / vmpet 12 / lldpe 80, this product is designed for longevity and performance. Perfect for businesses, it has a minimum order quantity of 100 units. Retail pricing is set at Rp 560, while business partners can enjoy a wholesale rate of Rp 360."
Standing Pouch Window,STP-M-ZIP-10x15-WHT,"Discover our high-quality Standing Pouch Window. Crafted from durable pet 12 / vmpet 12 / lldpe 80, this product is designed for longevity and performance. Perfect for businesses, it has a minimum order quantity of 100 units. Retail pricing is set at Rp 560, while business partners can enjoy a wholesale rate of Rp 360."
Standing Pouch Window,STP-M-ZIP-10x15-GRN,"Discover our high-quality Standing Pouch Window. Crafted from durable pet 12 / vmpet 12 / lldpe 80, this product is designed for longevity and performance. Perfect for businesses, it has a minimum order quantity of 100 units. Retail pricing is set at Rp 560, while business partners can enjoy a wholesale rate of Rp 360."
Standing Pouch Window,STP-M-ZIP-10x15-RED,"Discover our high-quality Standing Pouch Window. Crafted from durable pet 12 / vmpet 12 / lldpe 80, this product is designed for longevity and performance. Perfect for businesses, it has a minimum order quantity of 100 units. Retail pricing is set at Rp 560, while business partners can enjoy a wholesale rate of Rp 360."
Standing Pouch Window,STP-M-ZIP-10x15-GLD,"Discover our high-quality Standing Pouch Window. Crafted from durable pet 12 / vmpet 12 / lldpe 80, this product is designed for longevity and performance. Perfect for businesses, it has a minimum order quantity of 100 units. Retail pricing is set at Rp 560, while business partners can enjoy a wholesale rate of Rp 360."
Standing Pouch Window,STP-M-ZIP-10x15-BLU,"Discover our high-quality Standing Pouch Window. Crafted from durable pet 12 / vmpet 12 / lldpe 80, this product is designed for longevity and performance. Perfect for businesses, it has a minimum order quantity of 100 units. Retail pricing is set at Rp 560, while business partners can enjoy a wholesale rate of Rp 360."
Standing Pouch Window,STP-M-ZIP-10x15-PRP,"Discover our high-quality Standing Pouch Window. Crafted from durable pet 12 / vmpet 12 / lldpe 80, this product is designed for longevity and performance. Perfect for businesses, it has a minimum order quantity of 100 units. Retail pricing is set at Rp 560, while business partners can enjoy a wholesale rate of Rp 360."
Standing Pouch Zipper Lightpack,STP-L-ZIP-10x15-TRS,"Discover our high-quality Standing Pouch Zipper Lightpack. Crafted from durable pet 12 / lldpe 60, this product is designed for longevity and performance. Perfect for businesses, it has a minimum order quantity of 100 units. Retail pricing is set at Rp 342, while business partners can enjoy a wholesale rate of Rp 285."
Standing Pouch Zipper Lightpack,STP-L-ZIP-22x32-TRS,"Discover our high-quality Standing Pouch Zipper Lightpack. Crafted from durable pet 12 / lldpe 60, this product is designed for longevity and performance. Perfect for businesses, it has a minimum order quantity of 100 units. Retail pricing is set at Rp 1,220, while business partners can enjoy a wholesale rate of Rp 1,017."
Standing Pouch Zipper Lightpack,STP-L-ZIP-20x30-TRS,"Discover our high-quality Standing Pouch Zipper Lightpack. Crafted from durable pet 12 / lldpe 60, this product is designed for longevity and performance. Perfect for businesses, it has a minimum order quantity of 100 units. Retail pricing is set at Rp 983, while business partners can enjoy a wholesale rate of Rp 819."
Standing Pouch Zipper Lightpack,STP-L-ZIP-16x24-TRS,"Discover our high-quality Standing Pouch Zipper Lightpack. Crafted from durable pet 12 / lldpe 60, this product is designed for longevity and performance. Perfect for businesses, it has a minimum order quantity of 100 units. Retail pricing is set at Rp 899, while business partners can enjoy a wholesale rate of Rp 749."
Standing Pouch Zipper Lightpack,STP-L-ZIP-15x22-TRS,"Discover our high-quality Standing Pouch Zipper Lightpack. Crafted from durable pet 12 / lldpe 60, this product is designed for longevity and performance. Perfect for businesses, it has a minimum order quantity of 100 units. Retail pricing is set at Rp 630, while business partners can enjoy a wholesale rate of Rp 525."
Standing Pouch Zipper Lightpack,STP-L-ZIP-14x20-TRS,"Discover our high-quality Standing Pouch Zipper Lightpack. Crafted from durable pet 12 / lldpe 60, this product is designed for longevity and performance. Perfect for businesses, it has a minimum order quantity of 100 units. Retail pricing is set at Rp 553, while business partners can enjoy a wholesale rate of Rp 461."
Standing Pouch Zipper Lightpack,STP-L-ZIP-12x20-TRS,"Discover our high-quality Standing Pouch Zipper Lightpack. Crafted from durable pet 12 / lldpe 60, this product is designed for longevity and performance. Perfect for businesses, it has a minimum order quantity of 100 units. Retail pricing is set at Rp 0, while business partners can enjoy a wholesale rate of Rp 0."
Vacuum Pack Embossed,VCM-N-EMB-7x12-NYL,"Discover our high-quality Vacuum Pack Embossed. Crafted from durable Sisi Polos 90 micron, Sisi Bintik 190 micron, this product is designed for longevity and performance. Perfect for businesses, it has a minimum order quantity of 100 units. Retail pricing is set at Rp 155, while business partners can enjoy a wholesale rate of Rp 110."
Vacuum Pack Embossed,VCM-N-EMB-7x10-NYL,"Discover our high-quality Vacuum Pack Embossed. Crafted from durable Sisi Polos 90 micron, Sisi Bintik 190 micron, this product is designed for longevity and performance. Perfect for businesses, it has a minimum order quantity of 100 units. Retail pricing is set at Rp 175, while business partners can enjoy a wholesale rate of Rp 175."
Vacuum Pack Embossed,VCM-N-EMB-30x40-NYL,"Discover our high-quality Vacuum Pack Embossed. Crafted from durable Sisi Polos 90 micron, Sisi Bintik 190 micron, this product is designed for longevity and performance. Perfect for businesses, it has a minimum order quantity of 100 units. Retail pricing is set at Rp 2,100, while business partners can enjoy a wholesale rate of Rp 1,530."
Vacuum Pack Embossed,VCM-N-EMB-28x35-NYL,"Discover our high-quality Vacuum Pack Embossed. Crafted from durable Sisi Polos 90 micron, Sisi Bintik 190 micron, this product is designed for longevity and performance. Perfect for businesses, it has a minimum order quantity of 100 units. Retail pricing is set at Rp 1,725, while business partners can enjoy a wholesale rate of Rp 1,225."
Vacuum Pack Embossed,VCM-N-EMB-20x30-NYL,"Discover our high-quality Vacuum Pack Embossed. Crafted from durable Sisi Polos 90 micron, Sisi Bintik 190 micron, this product is designed for longevity and performance. Perfect for businesses, it has a minimum order quantity of 100 units. Retail pricing is set at Rp 1,122, while business partners can enjoy a wholesale rate of Rp 740."
Vacuum Pack Embossed,VCM-N-EMB-20x25-NYL,"Discover our high-quality Vacuum Pack Embossed. Crafted from durable Sisi Polos 90 micron, Sisi Bintik 190 micron, this product is designed for longevity and performance. Perfect for businesses, it has a minimum order quantity of 100 units. Retail pricing is set at Rp 885, while business partners can enjoy a wholesale rate of Rp 645."
Vacuum Pack Embossed,VCM-N-EMB-17x25-NYL,"Discover our high-quality Vacuum Pack Embossed. Crafted from durable Sisi Polos 90 micron, Sisi Bintik 190 micron, this product is designed for longevity and performance. Perfect for businesses, it has a minimum order quantity of 100 units. Retail pricing is set at Rp 745, while business partners can enjoy a wholesale rate of Rp 545."
Vacuum Pack Embossed,VCM-N-EMB-15x25-NYL,"Discover our high-quality Vacuum Pack Embossed. Crafted from durable Sisi Polos 90 micron, Sisi Bintik 190 micron, this product is designed for longevity and performance. Perfect for businesses, it has a minimum order quantity of 100 units. Retail pricing is set at Rp 670, while business partners can enjoy a wholesale rate of Rp 475."
Vacuum Pack Embossed,VCM-N-EMB-15x20-NYL,"Discover our high-quality Vacuum Pack Embossed. Crafted from durable Sisi Polos 90 micron, Sisi Bintik 190 micron, this product is designed for longevity and performance. Perfect for businesses, it has a minimum order quantity of 100 units. Retail pricing is set at Rp 495, while business partners can enjoy a wholesale rate of Rp 375."
Vacuum Pack Embossed,VCM-N-EMB-13x18-NYL,"Discover our high-quality Vacuum Pack Embossed. Crafted from durable Sisi Polos 90 micron, Sisi Bintik 190 micron, this product is designed for longevity and performance. Perfect for businesses, it has a minimum order quantity of 100 units. Retail pricing is set at Rp 460, while business partners can enjoy a wholesale rate of Rp 295."
Vacuum Pack Embossed,VCM-N-EMB-12x20-NYL,"Discover our high-quality Vacuum Pack Embossed. Crafted from durable Sisi Polos 90 micron, Sisi Bintik 190 micron, this product is designed for longevity and performance. Perfect for businesses, it has a minimum order quantity of 100 units. Retail pricing is set at Rp 445, while business partners can enjoy a wholesale rate of Rp 305."
Vacuum Pack Embossed,VCM-N-EMB-12x17-NYL,"Discover our high-quality Vacuum Pack Embossed. Crafted from durable Sisi Polos 90 micron, Sisi Bintik 190 micron, this product is designed for longevity and performance. Perfect for businesses, it has a minimum order quantity of 100 units. Retail pricing is set at Rp 435, while business partners can enjoy a wholesale rate of Rp 323."
Vacuum Pack Embossed,VCM-N-EMB-11x16-NYL,"Discover our high-quality Vacuum Pack Embossed. Crafted from durable Sisi Polos 90 micron, Sisi Bintik 190 micron, this product is designed for longevity and performance. Perfect for businesses, it has a minimum order quantity of 100 units. Retail pricing is set at Rp 370, while business partners can enjoy a wholesale rate of Rp 277."
Vacuum Pack Embossed,VCM-N-EMB-10x15-NYL,"Discover our high-quality Vacuum Pack Embossed. Crafted from durable Sisi Polos 90 micron, Sisi Bintik 190 micron, this product is designed for longevity and performance. Perfect for businesses, it has a minimum order quantity of 100 units. Retail pricing is set at Rp 255, while business partners can enjoy a wholesale rate of Rp 190."
Vacuum Pack Polos,VCM-N-PLS-9x14-NYL,"Discover our high-quality Vacuum Pack Polos. Crafted from durable nylon 15 / lldpe 60, this product is designed for longevity and performance. Perfect for businesses, it has a minimum order quantity of 100 units. Retail pricing is set at Rp 178, while business partners can enjoy a wholesale rate of Rp 178."
Vacuum Pack Polos,VCM-N-PLS-7x15-NYL,"Discover our high-quality Vacuum Pack Polos. Crafted from durable nylon 15 / lldpe 60, this product is designed for longevity and performance. Perfect for businesses, it has a minimum order quantity of 100 units. Retail pricing is set at Rp 168, while business partners can enjoy a wholesale rate of Rp 168."
Vacuum Pack Polos,VCM-N-PLS-30x40-NYL,"Discover our high-quality Vacuum Pack Polos. Crafted from durable nylon 15 / lldpe 60, this product is designed for longevity and performance. Perfect for businesses, it has a minimum order quantity of 100 units. Retail pricing is set at Rp 1,690, while business partners can enjoy a wholesale rate of Rp 1,312."
Vacuum Pack Polos,VCM-N-PLS-25x30-NYL,"Discover our high-quality Vacuum Pack Polos. Crafted from durable nylon 15 / lldpe 60, this product is designed for longevity and performance. Perfect for businesses, it has a minimum order quantity of 100 units. Retail pricing is set at Rp 980, while business partners can enjoy a wholesale rate of Rp 864."
Vacuum Pack Polos,VCM-N-PLS-23x34-NYL,"Discover our high-quality Vacuum Pack Polos. Crafted from durable nylon 15 / lldpe 60, this product is designed for longevity and performance. Perfect for businesses, it has a minimum order quantity of 100 units. Retail pricing is set at Rp 1,060, while business partners can enjoy a wholesale rate of Rp 928."
Vacuum Pack Polos,VCM-N-PLS-20x30-NYL,"Discover our high-quality Vacuum Pack Polos. Crafted from durable nylon 15 / lldpe 60, this product is designed for longevity and performance. Perfect for businesses, it has a minimum order quantity of 100 units. Retail pricing is set at Rp 855, while business partners can enjoy a wholesale rate of Rp 691."
Vacuum Pack Polos,VCM-N-PLS-20x25-NYL,"Discover our high-quality Vacuum Pack Polos. Crafted from durable nylon 15 / lldpe 60, this product is designed for longevity and performance. Perfect for businesses, it has a minimum order quantity of 100 units. Retail pricing is set at Rp 655, while business partners can enjoy a wholesale rate of Rp 586."
Vacuum Pack Polos,VCM-N-PLS-17x25-NYL,"Discover our high-quality Vacuum Pack Polos. Crafted from durable nylon 15 / lldpe 60, this product is designed for longevity and performance. Perfect for businesses, it has a minimum order quantity of 100 units. Retail pricing is set at Rp 580, while business partners can enjoy a wholesale rate of Rp 512."
Vacuum Pack Polos,VCM-N-PLS-15x40-NYL,"Discover our high-quality Vacuum Pack Polos. Crafted from durable nylon 15 / lldpe 60, this product is designed for longevity and performance. Perfect for businesses, it has a minimum order quantity of 100 units. Retail pricing is set at Rp 585, while business partners can enjoy a wholesale rate of Rp 448."
Vacuum Pack Polos,VCM-N-PLS-15x25-NYL,"Discover our high-quality Vacuum Pack Polos. Crafted from durable nylon 15 / lldpe 60, this product is designed for longevity and performance. Perfect for businesses, it has a minimum order quantity of 100 units. Retail pricing is set at Rp 550, while business partners can enjoy a wholesale rate of Rp 378."
Vacuum Pack Polos,VCM-N-PLS-15x20-NYL,"Discover our high-quality Vacuum Pack Polos. Crafted from durable nylon 15 / lldpe 60, this product is designed for longevity and performance. Perfect for businesses, it has a minimum order quantity of 100 units. Retail pricing is set at Rp 425, while business partners can enjoy a wholesale rate of Rp 301."
Vacuum Pack Polos,VCM-N-PLS-12x20-NYL,"Discover our high-quality Vacuum Pack Polos. Crafted from durable nylon 15 / lldpe 60, this product is designed for longevity and performance. Perfect for businesses, it has a minimum order quantity of 100 units. Retail pricing is set at Rp 350, while business partners can enjoy a wholesale rate of Rp 269."
Vacuum Pack Polos,VCM-N-PLS-11x16-NYL,"Discover our high-quality Vacuum Pack Polos. Crafted from durable nylon 15 / lldpe 60, this product is designed for longevity and performance. Perfect for businesses, it has a minimum order quantity of 100 units. Retail pricing is set at Rp 300, while business partners can enjoy a wholesale rate of Rp 227."
